/*
SQLyog Ultimate v12.09 (64 bit)
MySQL - 5.7.25 : Database - quick_dine_sys
*********************************************************************
*/

/*!40101 SET NAMES utf8 */;

/*!40101 SET SQL_MODE=''*/;

/*!40014 SET @OLD_UNIQUE_CHECKS=@@UNIQUE_CHECKS, UNIQUE_CHECKS=0 */;
/*!40014 SET @OLD_FOREIGN_KEY_CHECKS=@@FOREIGN_KEY_CHECKS, FOREIGN_KEY_CHECKS=0 */;
/*!40101 SET @OLD_SQL_MODE=@@SQL_MODE, SQL_MODE='NO_AUTO_VALUE_ON_ZERO' */;
/*!40111 SET @OLD_SQL_NOTES=@@SQL_NOTES, SQL_NOTES=0 */;
CREATE DATABASE /*!32312 IF NOT EXISTS*/`quick_dine_sys` /*!40100 DEFAULT CHARACTER SET utf8mb4 COLLATE utf8mb4_croatian_ci */;

USE `quick_dine_sys`;

/*Table structure for table `t_already_order_dishes` */

DROP TABLE IF EXISTS `t_already_order_dishes`;

CREATE TABLE `t_already_order_dishes` (
  `id` bigint(20) DEFAULT NULL COMMENT '订单表中已点菜字段的值',
  `dishes_id` bigint(20) DEFAULT NULL COMMENT '菜Id：关联菜品表，根据这个菜品id可以查到菜品所有信息',
  `number` tinyint(2) DEFAULT NULL COMMENT '数量',
  `create_time` datetime DEFAULT NULL COMMENT '创建时间',
  `update_time` datetime DEFAULT NULL COMMENT '修改时间'
) ENGINE=InnoDB DEFAULT CHARSET=utf8mb4 COLLATE=utf8mb4_croatian_ci;

/*Data for the table `t_already_order_dishes` */

insert  into `t_already_order_dishes`(`id`,`dishes_id`,`number`,`create_time`,`update_time`) values (1330848226848395265,1329356534584520706,1,'2020-11-23 20:18:38','2020-11-23 20:18:38'),(1330848226848395265,1329374718226079746,1,'2020-11-23 20:18:38','2020-11-23 20:18:38'),(1331426637450838018,1329355520838021122,1,'2020-11-25 10:37:02','2020-11-25 10:37:02'),(1331426637450838018,1329375187581280257,2,'2020-11-25 10:37:02','2020-11-25 10:37:02'),(1331482953259171842,1329369262564843521,3,'2020-11-25 14:20:48','2020-11-25 14:20:48'),(1331482953259171842,1329357920957181954,2,'2020-11-25 14:20:49','2020-11-25 14:20:49'),(1331482953259171842,1329373466079535106,4,'2020-11-25 14:20:49','2020-11-25 14:20:49'),(1331482953259171842,1329375935312437250,1,'2020-11-25 14:20:49','2020-11-25 14:20:49'),(1331511603509612546,1329357799351726082,3,'2020-11-25 16:14:39','2020-11-25 16:14:39'),(1331511603509612546,1329371402549075970,2,'2020-11-25 16:14:39','2020-11-25 16:14:39'),(1331511603509612546,1329373393299972097,3,'2020-11-25 16:14:39','2020-11-25 16:14:39'),(1331514271196008449,1329356000901279746,1,'2020-11-25 16:25:15','2020-11-25 16:25:15'),(1331514271196008449,1329376062278213634,2,'2020-11-25 16:25:15','2020-11-25 16:25:15'),(1331515256735813633,1329355610092810241,1,'2020-11-25 16:29:10','2020-11-25 16:29:10'),(1331515256735813633,1329373079964491778,1,'2020-11-25 16:29:10','2020-11-25 16:29:10'),(1331522026778710018,1329355140930547713,1,'2020-11-25 16:56:04','2020-11-25 16:56:04'),(1331522026778710018,1329355294618234882,1,'2020-11-25 16:56:04','2020-11-25 16:56:04'),(1331522026778710018,1329356096866955266,1,'2020-11-25 16:56:04','2020-11-25 16:56:04'),(1331522026778710018,1329356197605748737,1,'2020-11-25 16:56:04','2020-11-25 16:56:04'),(1331522026778710018,1329356534584520706,1,'2020-11-25 16:56:04','2020-11-25 16:56:04'),(1331522026778710018,1329356871676538882,3,'2020-11-25 16:56:04','2020-11-25 16:56:04'),(1331522026778710018,1329357287889907713,1,'2020-11-25 16:56:04','2020-11-25 16:56:04'),(1331522026778710018,1329357473169092609,1,'2020-11-25 16:56:04','2020-11-25 16:56:04'),(1331522026778710018,1329374794101039106,5,'2020-11-25 16:56:04','2020-11-25 16:56:04'),(1331522026778710018,1329374941530824706,1,'2020-11-25 16:56:04','2020-11-25 16:56:04'),(1331525150625079298,1329355140930547713,1,'2020-11-25 17:08:29','2020-11-25 17:08:29'),(1331525150625079298,1329373079964491778,1,'2020-11-25 17:08:29','2020-11-25 17:08:29'),(1331761795756462081,1329356197605748737,1,'2020-11-26 08:48:50','2020-11-26 08:48:50'),(1331761795756462081,1329373620648026114,2,'2020-11-26 08:48:50','2020-11-26 08:48:50'),(1331761795756462081,1329374119778590721,1,'2020-11-26 08:48:50','2020-11-26 08:48:50'),(1331863022397870082,1329368586287849474,2,'2020-11-26 15:31:04','2020-11-26 15:31:04'),(1331863022397870082,1329375345559740418,1,'2020-11-26 15:31:04','2020-11-26 15:31:04'),(1331863022397870082,1329376062278213634,1,'2020-11-26 15:31:04','2020-11-26 15:31:04'),(1331864929451429890,1329372730725769217,2,'2020-11-26 15:38:39','2020-11-26 15:38:39'),(1331864929451429890,1329375187581280257,1,'2020-11-26 15:38:39','2020-11-26 15:38:39'),(1331864929451429890,1329376062278213634,6,'2020-11-26 15:38:39','2020-11-26 15:38:39'),(1331872617195491329,1329369370815635458,2,'2020-11-26 16:09:12','2020-11-26 16:09:12'),(1331872617195491329,1329376062278213634,2,'2020-11-26 16:09:12','2020-11-26 16:09:12'),(1331941837979635713,1329356534584520706,1,'2020-11-26 20:44:15','2020-11-26 20:44:15'),(1331941837979635713,1329375187581280257,1,'2020-11-26 20:44:15','2020-11-26 20:44:15');

/*Table structure for table `t_cooking_skill_images` */

DROP TABLE IF EXISTS `t_cooking_skill_images`;

CREATE TABLE `t_cooking_skill_images` (
  `id` bigint(20) NOT NULL,
  `image_url` varchar(225) COLLATE utf8mb4_croatian_ci DEFAULT NULL COMMENT '照片url',
  `create_time` datetime DEFAULT NULL COMMENT '创建时间',
  `update_time` datetime DEFAULT NULL COMMENT '修改时间',
  PRIMARY KEY (`id`)
) ENGINE=InnoDB DEFAULT CHARSET=utf8mb4 COLLATE=utf8mb4_croatian_ci;

/*Data for the table `t_cooking_skill_images` */

insert  into `t_cooking_skill_images`(`id`,`image_url`,`create_time`,`update_time`) values (1323598291916599297,'https://quick-dine-oss-file.oss-cn-beijing.aliyuncs.com/cookingShow/2020/11/03/797e1255-23b1-4b51-a7bc-cd22579b038c.png','2020-11-03 20:09:59','2020-11-03 20:09:59'),(1329341626610429953,'https://quick-dine-oss-file.oss-cn-beijing.aliyuncs.com/cookingShow/2020/11/19/85a71a32-2179-4792-964c-1f22da2fd900.png','2020-11-19 16:31:56','2020-11-19 16:31:56'),(1329341709099806721,'https://quick-dine-oss-file.oss-cn-beijing.aliyuncs.com/cookingShow/2020/11/19/fbff5fcb-ae54-41f7-82c8-42a8854a9dee.png','2020-11-19 16:32:16','2020-11-19 16:32:16'),(1329341746261340161,'https://quick-dine-oss-file.oss-cn-beijing.aliyuncs.com/cookingShow/2020/11/19/5f4dd460-b296-4dd6-963e-f241c8381201.png','2020-11-19 16:32:25','2020-11-19 16:32:25'),(1329341784505004033,'https://quick-dine-oss-file.oss-cn-beijing.aliyuncs.com/cookingShow/2020/11/19/6728366b-932f-429e-8b1f-9579784bd483.png','2020-11-19 16:32:34','2020-11-19 16:32:34'),(1329341816423657474,'https://quick-dine-oss-file.oss-cn-beijing.aliyuncs.com/cookingShow/2020/11/19/d50323bb-9e9b-4cf0-b496-91a9a17eed91.png','2020-11-19 16:32:42','2020-11-19 16:32:42'),(1329341850200387585,'https://quick-dine-oss-file.oss-cn-beijing.aliyuncs.com/cookingShow/2020/11/19/d82ed7c7-4a59-48b3-a916-b78631774bd1.png','2020-11-19 16:32:50','2020-11-19 16:32:50'),(1331845079463157761,'https://quick-dine-oss-file.oss-cn-beijing.aliyuncs.com/cookingShow/2020/11/26/6c86b552-116e-416c-beeb-4128d9e2e0ed.jpg','2020-11-26 14:19:46','2020-11-26 14:19:46');

/*Table structure for table `t_dining_table` */

DROP TABLE IF EXISTS `t_dining_table`;

CREATE TABLE `t_dining_table` (
  `id` bigint(20) NOT NULL COMMENT '不为空，唯一',
  `dining_table_number` varchar(10) COLLATE utf8mb4_croatian_ci DEFAULT NULL COMMENT '桌号：不为空，唯一',
  `dining_table_name` varchar(20) COLLATE utf8mb4_croatian_ci DEFAULT NULL COMMENT '餐桌名称：特色名称，有利于店面文怀',
  `state` tinyint(2) DEFAULT '1' COMMENT '状态：1空闲，2下单，3预定',
  `eat_number_people` tinyint(2) DEFAULT '0' COMMENT '就餐人数',
  `reserve_user_id` bigint(20) DEFAULT NULL COMMENT '预定人的id，用户选桌之后将id设置过来，结账之后将值去掉',
  `create_time` datetime DEFAULT NULL COMMENT '创建时间',
  `update_time` datetime DEFAULT NULL COMMENT '修改时间',
  PRIMARY KEY (`id`)
) ENGINE=InnoDB DEFAULT CHARSET=utf8mb4 COLLATE=utf8mb4_croatian_ci;

/*Data for the table `t_dining_table` */

insert  into `t_dining_table`(`id`,`dining_table_number`,`dining_table_name`,`state`,`eat_number_people`,`reserve_user_id`,`create_time`,`update_time`) values (1321754992847138818,'01','幸福桌',3,1,1326125099744509953,'2020-10-29 18:05:22','2020-11-26 15:58:39'),(1324325772477640473,'03','福气桌',1,0,NULL,'2020-11-16 19:12:06','2020-11-26 20:44:33'),(1324325774177640450,'02','好运桌',1,0,NULL,'2020-11-05 20:20:44','2020-11-26 16:10:01'),(1324654992797138819,'04','喜气桌',1,0,NULL,'2020-11-16 19:39:17','2020-11-26 16:01:26'),(1329361111274758146,'05','福寿桌',1,0,NULL,'2020-11-19 17:49:22','2020-11-26 16:01:13');

/*Table structure for table `t_dishes` */

DROP TABLE IF EXISTS `t_dishes`;

CREATE TABLE `t_dishes` (
  `id` bigint(20) NOT NULL,
  `dishes_name` varchar(20) COLLATE utf8mb4_croatian_ci DEFAULT NULL COMMENT '菜名：唯一',
  `dishes_type_id` bigint(20) DEFAULT NULL COMMENT '所属类别：什么类型的菜，关联下表（菜品分类表）id',
  `brief_introduction` varchar(225) COLLATE utf8mb4_croatian_ci DEFAULT NULL COMMENT '简介：菜品的描述',
  `image_url` varchar(225) COLLATE utf8mb4_croatian_ci DEFAULT NULL COMMENT '图片：存储图片的url访问地址',
  `price` decimal(18,2) DEFAULT NULL COMMENT '价格',
  `create_time` datetime DEFAULT NULL COMMENT '创建时间',
  `update_time` datetime DEFAULT NULL COMMENT '修改时间',
  PRIMARY KEY (`id`)
) ENGINE=InnoDB DEFAULT CHARSET=utf8mb4 COLLATE=utf8mb4_croatian_ci;

/*Data for the table `t_dishes` */

insert  into `t_dishes`(`id`,`dishes_name`,`dishes_type_id`,`brief_introduction`,`image_url`,`price`,`create_time`,`update_time`) values (1329355140930547713,'小炒丝瓜',1321389727932239873,'好吃就对了','https://quick-dine-oss-file.oss-cn-beijing.aliyuncs.com/dishes/2020/11/19/1a4f3d4d-63e6-46f0-b497-b7d279d5d434.jpg','18.00','2020-11-19 17:25:38','2020-11-19 17:25:38'),(1329355294618234882,'双椒小炒肉',1321389727932239873,'3452345','https://quick-dine-oss-file.oss-cn-beijing.aliyuncs.com/dishes/2020/11/19/79a62e5e-d37a-4a85-ac68-6ca58b2c9e8d.jpg','20.50','2020-11-19 17:26:15','2020-11-19 17:26:15'),(1329355421525291010,'小炒油菜杏鲍菇',1321389727932239873,'4567','https://quick-dine-oss-file.oss-cn-beijing.aliyuncs.com/dishes/2020/11/19/8ea5a731-6a1f-4c28-ac85-a24fb057b7d8.jpg','17.90','2020-11-19 17:26:45','2020-11-19 17:26:45'),(1329355520838021122,'玉米小炒',1321389727932239873,'覆盖后的法国','https://quick-dine-oss-file.oss-cn-beijing.aliyuncs.com/dishes/2020/11/19/a57838a8-4239-45c6-abc1-a09908c6142a.jpg','21.88','2020-11-19 17:27:09','2020-11-19 17:27:09'),(1329355610092810241,'鸡丁小炒',1321389727932239873,'负电荷的法国','https://quick-dine-oss-file.oss-cn-beijing.aliyuncs.com/dishes/2020/11/19/0e9d4f7f-7cca-4f19-951d-dc2c08ce7a08.jpg','22.55','2020-11-19 17:27:30','2020-11-19 17:27:30'),(1329355718519762945,'小炒羊肉',1321389727932239873,'的风格和的感觉吗','https://quick-dine-oss-file.oss-cn-beijing.aliyuncs.com/dishes/2020/11/19/7c752c41-f397-462c-84cd-a94a017d2ee4.jpg','23.11','2020-11-19 17:27:56','2020-11-19 17:27:56'),(1329355919598891009,'小炒洋葱豆腐',1321389727932239873,'很艰苦环境','https://quick-dine-oss-file.oss-cn-beijing.aliyuncs.com/dishes/2020/11/19/e6d6ed1d-fb54-4c04-9344-0b9024b755f3.jpg','23.44','2020-11-19 17:28:44','2020-11-19 17:28:44'),(1329356000901279746,'荷包蛋小炒肉',1321389727932239873,'黄金矿工','https://quick-dine-oss-file.oss-cn-beijing.aliyuncs.com/dishes/2020/11/19/0017dd9a-b967-4aca-9839-eb827db0e0ff.jpg','23.88','2020-11-19 17:29:04','2020-11-19 17:29:04'),(1329356096866955266,'小炒里脊',1321389727932239873,'韩国分光光度法','https://quick-dine-oss-file.oss-cn-beijing.aliyuncs.com/dishes/2020/11/19/500c1de5-16a4-4ea8-b0d2-26f680b2b0af.jpg','24.11','2020-11-19 17:29:26','2020-11-19 17:29:26'),(1329356197605748737,'小炒肉',1321389727932239873,'v不过覆盖后的法国和','https://quick-dine-oss-file.oss-cn-beijing.aliyuncs.com/dishes/2020/11/19/bc33dac9-c1cf-428f-9e2c-952ab790cbf7.jpg','24.22','2020-11-19 17:29:50','2020-11-19 17:29:50'),(1329356298864635906,'豉香小炒肉',1321389727932239873,'规划局法规和','https://quick-dine-oss-file.oss-cn-beijing.aliyuncs.com/dishes/2020/11/19/1eb3b1e8-ecd8-4b09-8f11-99df42148048.jpg','24.33','2020-11-19 17:30:15','2020-11-19 17:30:15'),(1329356396378009602,'小炒熏香肠',1321389727932239873,'的风格和大风','https://quick-dine-oss-file.oss-cn-beijing.aliyuncs.com/dishes/2020/11/19/60acbe9e-a936-4f88-89fc-56821c48ea51.jpg','18.50','2020-11-19 17:30:38','2020-11-19 17:30:38'),(1329356534584520706,'醋溜白菜帮',1321389776149958658,'等富含淀粉','https://quick-dine-oss-file.oss-cn-beijing.aliyuncs.com/dishes/2020/11/19/677d6373-87ca-4a3e-b7a2-915d05fd1b33.jpg','25.11','2020-11-19 17:31:11','2020-11-19 17:31:11'),(1329356685579464705,'红烧鲫鱼',1321389776149958658,'发给甲方给','https://quick-dine-oss-file.oss-cn-beijing.aliyuncs.com/dishes/2020/11/19/373e3f12-c32e-4afd-9465-e40d741eaeae.jpg','28.99','2020-11-19 17:31:47','2020-11-19 17:31:47'),(1329356789455597569,'白萝卜丝鲫鱼汤',1321389776149958658,'归还借款绘画风格','https://quick-dine-oss-file.oss-cn-beijing.aliyuncs.com/dishes/2020/11/19/67df6318-31ed-476d-8b5b-089b671ccaef.jpg','35.55','2020-11-19 17:32:12','2020-11-19 17:32:12'),(1329356871676538882,'鲫鱼炖豆腐汤',1321389776149958658,'看见分公司的','https://quick-dine-oss-file.oss-cn-beijing.aliyuncs.com/dishes/2020/11/19/31d5f203-e123-4926-8217-bf63c5066a05.jpg','56.99','2020-11-19 17:32:31','2020-11-19 17:32:31'),(1329356949216636929,'素炒藕尖家',1321389776149958658,'各色获得丰厚','https://quick-dine-oss-file.oss-cn-beijing.aliyuncs.com/dishes/2020/11/19/869da9fd-5229-4321-be87-b74497c35d0c.jpg','16.88','2020-11-19 17:32:50','2020-11-19 17:32:50'),(1329357055886176257,'青椒胡萝卜炒鸡丝',1321389776149958658,'收到v科马克鲁','https://quick-dine-oss-file.oss-cn-beijing.aliyuncs.com/dishes/2020/11/19/14b5a664-d724-4949-8af2-a7bc2db52357.jpg','35.00','2020-11-19 17:33:15','2020-11-19 17:33:15'),(1329357167349805057,'炸鸡排',1321389776149958658,'的风格仨个地方','https://quick-dine-oss-file.oss-cn-beijing.aliyuncs.com/dishes/2020/11/19/583e5a53-e9cf-4dd3-be51-1aa07a739d27.jpg','34.88','2020-11-19 17:33:42','2020-11-19 17:33:42'),(1329357287889907713,'山药排骨汤',1321389776149958658,'很多方法公司都是','https://quick-dine-oss-file.oss-cn-beijing.aliyuncs.com/dishes/2020/11/19/5d030145-b84e-43d4-b72b-98138487a5b8.jpg','25.66','2020-11-19 17:34:10','2020-11-19 17:34:10'),(1329357399894601730,'家庭红烧肉',1321389776149958658,'和韩国的分公司','https://quick-dine-oss-file.oss-cn-beijing.aliyuncs.com/dishes/2020/11/19/260c1880-9c2f-49fb-aff2-217a052eb3d3.jpg','45.33','2020-11-19 17:34:37','2020-11-19 17:34:37'),(1329357473169092609,'家常蘑菇炒肉丝',1321389776149958658,'烈火剑法广东富豪的','https://quick-dine-oss-file.oss-cn-beijing.aliyuncs.com/dishes/2020/11/19/55cc3b87-9fcb-4aaf-814d-a6aeadc6bcc0.jpg','23.66','2020-11-19 17:34:55','2020-11-19 17:34:55'),(1329357566320390146,'韭菜炒河虾',1321389776149958658,'发广告的发生的故事','https://quick-dine-oss-file.oss-cn-beijing.aliyuncs.com/dishes/2020/11/19/01bbcefa-218d-481f-a379-7526ddb4c52b.jpg','45.99','2020-11-19 17:35:17','2020-11-19 17:35:17'),(1329357652924379138,'重庆鸡汁煎饺',1321389776149958658,'将还击倒是','https://quick-dine-oss-file.oss-cn-beijing.aliyuncs.com/dishes/2020/11/19/ed9d9f91-1ca5-47b0-ba72-ed06eca5f827.jpg','34.22','2020-11-19 17:35:37','2020-11-19 17:35:37'),(1329357799351726082,'重庆山城辣子鸡',1323873300216090625,'光辉典范的粉红色灯光','https://quick-dine-oss-file.oss-cn-beijing.aliyuncs.com/dishes/2020/11/19/c510c88c-cdb2-4b7f-872d-10f3bb48be86.jpg','45.22','2020-11-19 17:36:12','2020-11-19 17:36:12'),(1329357920957181954,'豌豆小炒',1323873300216090625,'规划局地方豆腐干反对','https://quick-dine-oss-file.oss-cn-beijing.aliyuncs.com/dishes/2020/11/19/ad8794cf-6c0a-49a3-9d9c-edc19c27f9e4.jpg','16.55','2020-11-19 17:36:41','2020-11-19 17:36:41'),(1329361302627295233,'坚果火龙果小炒猪颈肉',1323873300216090625,'回家豆腐干地方','https://quick-dine-oss-file.oss-cn-beijing.aliyuncs.com/dishes/2020/11/19/714d021f-b069-488c-9c94-a60153d57cf7.jpg','35.11','2020-11-19 17:50:08','2020-11-19 17:50:08'),(1329361411662422017,'青椒小炒卤牛肉',1323873300216090625,'咖啡馆何方广发绘画风格','https://quick-dine-oss-file.oss-cn-beijing.aliyuncs.com/dishes/2020/11/19/d0a15a16-13ac-47be-bc0b-62bf72eb56ec.jpg','16.55','2020-11-19 17:50:34','2020-11-19 17:50:34'),(1329361512195694593,'小炒有机菜花',1323873300216090625,'据法国地方官','https://quick-dine-oss-file.oss-cn-beijing.aliyuncs.com/dishes/2020/11/19/bccb9fd3-a12b-454c-9dea-b55fb2678e6d.jpg','25.22','2020-11-19 17:50:58','2020-11-19 17:50:58'),(1329361605678342146,'小炒仔鸡',1323873300216090625,'数组的方法很多','https://quick-dine-oss-file.oss-cn-beijing.aliyuncs.com/dishes/2020/11/19/86ecc2e6-d62c-4307-9eae-e1f26f5b8fc3.jpg','28.99','2020-11-19 17:51:20','2020-11-19 17:51:20'),(1329361698682839042,'五彩菌菇',1323873300216090625,'回家撒个人','https://quick-dine-oss-file.oss-cn-beijing.aliyuncs.com/dishes/2020/11/19/61ad4bf4-8d9c-43f6-b0ee-94514f9f6ae9.jpg','23.66','2020-11-19 17:51:42','2020-11-19 17:51:42'),(1329361909312397313,'小炒卤面筋',1323873300216090625,'风格的饭后水果和','https://quick-dine-oss-file.oss-cn-beijing.aliyuncs.com/dishes/2020/11/19/d47d797f-4b44-418e-8f85-3f2b6e0f6e87.jpg','12.22','2020-11-19 17:52:32','2020-11-19 17:52:32'),(1329362038899613697,'小炒千叶豆腐',1323873300216090625,'胡椒粉和','https://quick-dine-oss-file.oss-cn-beijing.aliyuncs.com/dishes/2020/11/19/4e943b5c-c5b5-4474-9384-6e27f9310629.jpg','56.22','2020-11-19 17:53:03','2020-11-19 17:53:03'),(1329362131245604866,'攸县香干小炒肉',1323873300216090625,'和警方公布的','https://quick-dine-oss-file.oss-cn-beijing.aliyuncs.com/dishes/2020/11/19/0a2dca58-2fc7-4eee-8667-51a4e095753b.jpg','32.22','2020-11-19 17:53:25','2020-11-19 17:53:25'),(1329362214011805698,'红油笋丝小炒肉',1323873300216090625,'尽快的法国队','https://quick-dine-oss-file.oss-cn-beijing.aliyuncs.com/dishes/2020/11/19/52bcdf66-1e23-4d71-a2f4-a5aeef7c3a22.jpg','14.55','2020-11-19 17:53:45','2020-11-19 17:53:45'),(1329362320287080450,'小炒苦瓜',1323873300216090625,'给v好地方','https://quick-dine-oss-file.oss-cn-beijing.aliyuncs.com/dishes/2020/11/19/59a92474-e438-4e53-a252-b587dea05bcc.jpg','13.60','2020-11-19 17:54:10','2020-11-19 17:54:10'),(1329366108867665922,'藕块小炒',1323873357183127554,'地方和史蒂夫噶','https://quick-dine-oss-file.oss-cn-beijing.aliyuncs.com/dishes/2020/11/19/fa90791f-85a7-4c6c-906e-f0dc7a5c0ea0.jpg','23.99','2020-11-19 18:09:13','2020-11-19 18:09:13'),(1329366431204122626,'秋葵小炒肉',1323873357183127554,'胡椒粉和是的','https://quick-dine-oss-file.oss-cn-beijing.aliyuncs.com/dishes/2020/11/19/65e789d3-b93f-4447-8a65-1f621e277902.jpg','24.11','2020-11-19 18:10:30','2020-11-19 18:10:30'),(1329366548787240962,'小炒肥肉榨菜丝',1323873357183127554,'国会大厦给','https://quick-dine-oss-file.oss-cn-beijing.aliyuncs.com/dishes/2020/11/19/3b4b4938-dcbb-435a-8e9a-1507223b3d5b.jpg','16.55','2020-11-19 18:10:58','2020-11-19 18:10:58'),(1329366702302961665,'小炒红菜苔',1323873357183127554,'吗，和军方高级地方和史蒂夫噶的风格是第三方','https://quick-dine-oss-file.oss-cn-beijing.aliyuncs.com/dishes/2020/11/19/3d8548b2-b413-4a8c-a7d9-402bc242c58b.jpg','14.88','2020-11-19 18:11:35','2020-11-19 18:11:35'),(1329366805713526785,'农家杂锦小炒',1323873357183127554,'改变达到法定人数','https://quick-dine-oss-file.oss-cn-beijing.aliyuncs.com/dishes/2020/11/19/ec484d7e-5c1d-4e2a-91cc-93d39d129651.jpg','12.30','2020-11-19 18:12:00','2020-11-19 18:12:00'),(1329366965080301570,'小炒南瓜藤',1323873357183127554,'国会决定还是都有好人','https://quick-dine-oss-file.oss-cn-beijing.aliyuncs.com/dishes/2020/11/19/1672d3ef-ae42-4d5b-ac44-fda2f61b06a2.jpg','32.77','2020-11-19 18:12:38','2020-11-19 18:12:38'),(1329367048307875841,'小炒莴笋',1323873357183127554,'后面国家和地方','https://quick-dine-oss-file.oss-cn-beijing.aliyuncs.com/dishes/2020/11/19/f3de2882-d08b-4b71-ace0-b14eba2c2ad8.jpg','21.11','2020-11-19 18:12:57','2020-11-19 18:12:57'),(1329367372154281986,'小炒肉皮',1323873357183127554,'对方公司告诉对方','https://quick-dine-oss-file.oss-cn-beijing.aliyuncs.com/dishes/2020/11/19/4e8a0996-3d4a-4b6a-80bc-e65ca57efef0.jpg','14.55','2020-11-19 18:14:15','2020-11-19 18:14:15'),(1329367469025927169,'小炒鱿鱼丝',1323873357183127554,'归还借款对方公司电话','https://quick-dine-oss-file.oss-cn-beijing.aliyuncs.com/dishes/2020/11/19/16942cf5-0332-4b11-90bc-6b4e3409b349.jpg','45.11','2020-11-19 18:14:38','2020-11-19 18:14:38'),(1329367574248431617,'小炒鸭杂',1323873357183127554,'会尽快发哟i开通于g\'i\'k','https://quick-dine-oss-file.oss-cn-beijing.aliyuncs.com/dishes/2020/11/19/06b840cb-69c4-4ac1-a09a-5ac19bb6cbfb.jpg','78.00','2020-11-19 18:15:03','2020-11-19 18:15:03'),(1329367664807649281,'小炒刀豆丝',1323873357183127554,'尽快发给hi与','https://quick-dine-oss-file.oss-cn-beijing.aliyuncs.com/dishes/2020/11/19/9ae99cdd-bb36-40f5-9f60-774f2d804bbe.jpg','16.88','2020-11-19 18:15:24','2020-11-19 18:15:24'),(1329367752921587714,'蘑菇素小炒',1323873357183127554,'当年豆腐干恢复工具','https://quick-dine-oss-file.oss-cn-beijing.aliyuncs.com/dishes/2020/11/19/cbe44b73-09e1-4fe8-bfb1-b973fd0660aa.jpg','16.70','2020-11-19 18:15:45','2020-11-19 18:15:45'),(1329367942202138625,'小炒辣味豆腐皮',1323874052745531394,'的发货速度放缓的','https://quick-dine-oss-file.oss-cn-beijing.aliyuncs.com/dishes/2020/11/19/016cf2c3-bff0-4267-9a4e-d621799a8b4f.jpg','56.22','2020-11-19 18:16:31','2020-11-19 18:16:31'),(1329368033902206978,'小炒卤猪头肉',1323874052745531394,'不记名的法国海军','https://quick-dine-oss-file.oss-cn-beijing.aliyuncs.com/dishes/2020/11/19/36447fc9-29fd-49be-af28-a5b6bc21daf6.jpg','34.11','2020-11-19 18:16:52','2020-11-19 18:16:52'),(1329368150105399298,'荷香小炒肉',1323874052745531394,'的风格和是否更换','https://quick-dine-oss-file.oss-cn-beijing.aliyuncs.com/dishes/2020/11/19/b9b4dc89-cf55-4c02-8352-ee567d3bffa2.jpg','14.60','2020-11-19 18:17:20','2020-11-19 18:17:20'),(1329368244963778561,'小炒杏鲍菇丝',1323874052745531394,'法国v接纳对方国家','https://quick-dine-oss-file.oss-cn-beijing.aliyuncs.com/dishes/2020/11/19/89bd1086-5a97-4162-96d5-4d69ee53eab3.jpg','24.55','2020-11-19 18:17:43','2020-11-19 18:17:43'),(1329368338014412802,'小炒腊牛肉',1323874052745531394,'大幅回升的分解乳糖','https://quick-dine-oss-file.oss-cn-beijing.aliyuncs.com/dishes/2020/11/19/67b47f46-18a9-450c-bef8-63848088427b.jpg','45.22','2020-11-19 18:18:05','2020-11-19 18:18:05'),(1329368446663663618,'荷兰豆清爽小炒',1323874052745531394,'存放杠函数的返回','https://quick-dine-oss-file.oss-cn-beijing.aliyuncs.com/dishes/2020/11/19/789bb1fc-0893-40bd-aa9e-4743861ccef2.jpg','13.80','2020-11-19 18:18:31','2020-11-19 18:18:31'),(1329368586287849474,'仔姜小炒肉丝',1323874052745531394,'北京东方国家','https://quick-dine-oss-file.oss-cn-beijing.aliyuncs.com/dishes/2020/11/19/e981ac27-6e15-4890-a3b5-9c3633aabe3b.jpg','26.80','2020-11-19 18:19:04','2020-11-19 18:19:04'),(1329368692781228034,'三文鱼豌豆小炒',1323874052745531394,'地方和史蒂夫噶','https://quick-dine-oss-file.oss-cn-beijing.aliyuncs.com/dishes/2020/11/19/7d0d33d0-6bb0-4d51-be33-1f7fd7236783.jpg','24.70','2020-11-19 18:19:29','2020-11-19 18:19:29'),(1329368802504220673,'奥尔良小炒鸡',1323874052745531394,'的发货速度放缓的是','https://quick-dine-oss-file.oss-cn-beijing.aliyuncs.com/dishes/2020/11/19/917955f7-4926-4d0f-af32-cd7865a7d291.jpg','35.88','2020-11-19 18:19:56','2020-11-19 18:19:56'),(1329368976181960706,'小炒花蛤',1323874052745531394,'空格和客观hi今天又','https://quick-dine-oss-file.oss-cn-beijing.aliyuncs.com/dishes/2020/11/19/8c769df6-5828-466f-bded-04374845c45d.jpg','19.55','2020-11-19 18:20:37','2020-11-19 18:20:37'),(1329369089193287682,'香辣小炒脆莲藕',1323874052745531394,'现场v不是大幅降低费用很贵的格式','https://quick-dine-oss-file.oss-cn-beijing.aliyuncs.com/dishes/2020/11/19/8e6954fd-30ae-498f-9b74-13704bdc536a.jpg','56.90','2020-11-19 18:21:04','2020-11-19 18:21:04'),(1329369175264600065,'腊肉包菜小炒',1323874052745531394,'v感觉你的风格金融法规和敌人','https://quick-dine-oss-file.oss-cn-beijing.aliyuncs.com/dishes/2020/11/19/5c4969b2-e0c4-4fa8-87df-cee78843a710.jpg','45.55','2020-11-19 18:21:25','2020-11-19 18:21:25'),(1329369262564843521,'初秋田园小炒',1323874233071243265,'的发货速度放缓的反对法','https://quick-dine-oss-file.oss-cn-beijing.aliyuncs.com/dishes/2020/11/19/ec1564c9-b37c-4628-a38b-dcffa76a0d83.jpg','14.00','2020-11-19 18:21:45','2020-11-19 18:21:45'),(1329369370815635458,'小炒火焙鱼',1323874233071243265,'房管局豆腐干恢复','https://quick-dine-oss-file.oss-cn-beijing.aliyuncs.com/dishes/2020/11/19/ec7d62f8-5301-4229-a6fd-35d4c896a039.jpg','36.00','2020-11-19 18:22:11','2020-11-19 18:22:11'),(1329369468622610433,'家常小炒腊肉',1323874233071243265,'该节目的法国户籍通过','https://quick-dine-oss-file.oss-cn-beijing.aliyuncs.com/dishes/2020/11/19/c7f5d2bd-64b8-4b0e-a537-7df4e34e0986.jpg','24.70','2020-11-19 18:22:34','2020-11-19 18:22:34'),(1329369569726308353,'田园小炒鸡腿肉',1323874233071243265,'法国佳士得法国电视','https://quick-dine-oss-file.oss-cn-beijing.aliyuncs.com/dishes/2020/11/19/9933dfb5-e8e1-4f27-95d5-0bb97b48af07.jpg','21.00','2020-11-19 18:22:59','2020-11-19 18:22:59'),(1329369780985012225,'小炒黑山羊',1323874233071243265,'风格和精神的过热和任天堂的身高为','https://quick-dine-oss-file.oss-cn-beijing.aliyuncs.com/dishes/2020/11/19/e992c647-46d1-45dc-99a2-2a680f1ac821.jpg','23.33','2020-11-19 18:23:49','2020-11-19 18:23:49'),(1329369873662353410,'小炒鸡腿肉',1323874233071243265,'法国借古讽今的更好地发挥示范','https://quick-dine-oss-file.oss-cn-beijing.aliyuncs.com/dishes/2020/11/19/4d433ebd-c224-44fc-a3c7-995ce261fdff.jpg','31.55','2020-11-19 18:24:11','2020-11-19 18:24:11'),(1329369982617788417,'小炒黄牛肉',1323874233071243265,'反对和第三方哈佛收到','https://quick-dine-oss-file.oss-cn-beijing.aliyuncs.com/dishes/2020/11/19/2d44fa89-1ba2-47fb-9581-ab99e519976e.jpg','34.55','2020-11-19 18:24:37','2020-11-19 18:24:37'),(1329370081263624193,'手撕包菜小炒肉',1323874233071243265,'估计是的复活节撒旦','https://quick-dine-oss-file.oss-cn-beijing.aliyuncs.com/dishes/2020/11/19/5c336f5f-395f-41c5-bdd8-5a8e60a946b6.jpg','32.99','2020-11-19 18:25:01','2020-11-19 18:25:01'),(1329370229444190210,'土豆饼小炒肉',1323874233071243265,'法国佳士得风格和速度','https://quick-dine-oss-file.oss-cn-beijing.aliyuncs.com/dishes/2020/11/19/1e3fc231-5ef7-4ea8-9205-2f6929078a59.jpg','18.99','2020-11-19 18:25:36','2020-11-19 18:25:36'),(1329370437578137601,'黄瓜小炒肉',1323874233071243265,'地方和史蒂夫噶是德国','https://quick-dine-oss-file.oss-cn-beijing.aliyuncs.com/dishes/2020/11/19/e13e212f-297d-4e87-a687-6a319cbaac2e.jpg','25.55','2020-11-19 18:26:25','2020-11-19 18:26:25'),(1329370611121659905,'湖南农家小炒肉',1323874233071243265,'的法国加拿大法国佳士得发货','https://quick-dine-oss-file.oss-cn-beijing.aliyuncs.com/dishes/2020/11/19/6f62f457-c96f-4301-866e-742c0a55fc0d.jpg','23.55','2020-11-19 18:27:07','2020-11-19 18:27:07'),(1329370708836360194,'百合马蹄小炒',1323874233071243265,'国家的国防绝对符合公司的','https://quick-dine-oss-file.oss-cn-beijing.aliyuncs.com/dishes/2020/11/19/e50d8f32-3119-4244-94a6-fdc16f8ad554.jpg','53.11','2020-11-19 18:27:30','2020-11-19 18:27:30'),(1329370825605783554,'素净荷塘小炒',1323885983455899649,'地方和史蒂夫噶是德国','https://quick-dine-oss-file.oss-cn-beijing.aliyuncs.com/dishes/2020/11/19/c64f571e-a634-4ae1-a3be-31962935f703.jpg','23.55','2020-11-19 18:27:58','2020-11-19 18:27:58'),(1329371402549075970,'小炒莴苣叶',1323885983455899649,'风格和结果符合时代','https://quick-dine-oss-file.oss-cn-beijing.aliyuncs.com/dishes/2020/11/19/08805385-9462-4dc3-bbd5-58f85b476839.jpg','56.55','2020-11-19 18:30:16','2020-11-19 18:30:16'),(1329371481397796865,'芦笋百合腊肠小炒',1323885983455899649,'规划建设地方混个地方','https://quick-dine-oss-file.oss-cn-beijing.aliyuncs.com/dishes/2020/11/19/fbcffb5b-1428-40f7-a103-aee0f374b031.jpg','12.99','2020-11-19 18:30:34','2020-11-19 18:30:34'),(1329371588839088130,'小炒酒窝面',1323885983455899649,'法国军队关乎交通银行突然发动','https://quick-dine-oss-file.oss-cn-beijing.aliyuncs.com/dishes/2020/11/19/130f7199-2be4-455e-825d-152facc12aed.jpg','21.55','2020-11-19 18:31:00','2020-11-19 18:31:00'),(1329371679872262145,'小炒千页豆腐',1323885983455899649,'回复框上等如果的故事','https://quick-dine-oss-file.oss-cn-beijing.aliyuncs.com/dishes/2020/11/19/92ffed1c-a9c1-4972-a51f-afb463bd41f0.jpg','24.60','2020-11-19 18:31:22','2020-11-19 18:31:22'),(1329371807437824001,'小炒黑木耳丝',1323885983455899649,'发给大家发多少个的','https://quick-dine-oss-file.oss-cn-beijing.aliyuncs.com/dishes/2020/11/19/b6eda32c-96d3-4728-9d89-1c287787f0f6.jpg','34.66','2020-11-19 18:31:52','2020-11-19 18:31:52'),(1329371902770159618,'荷塘小炒,',1323885983455899649,'好看的风格还是的功夫','https://quick-dine-oss-file.oss-cn-beijing.aliyuncs.com/dishes/2020/11/19/5e7a25cb-36d1-4f41-83a4-2540bfe75736.jpg','24.55','2020-11-19 18:32:15','2020-11-19 18:32:15'),(1329372015517245442,'酸菜猪蹄',1323885983455899649,'国定假日他是个的','https://quick-dine-oss-file.oss-cn-beijing.aliyuncs.com/dishes/2020/11/19/c30c3f9b-1746-46b4-a0b5-4c057c21e9a0.jpg','15.50','2020-11-19 18:32:42','2020-11-19 18:32:42'),(1329372203346567169,'冬笋小炒肉',1323885983455899649,'v不可重复规划建设的分公司','https://quick-dine-oss-file.oss-cn-beijing.aliyuncs.com/dishes/2020/11/19/8eb938b0-3627-4ef0-bc7c-718c3b5da45c.jpg','46.90','2020-11-19 18:33:26','2020-11-19 18:33:26'),(1329372304882278401,'牛肚小炒',1323885983455899649,'法国海军的覆盖后的是','https://quick-dine-oss-file.oss-cn-beijing.aliyuncs.com/dishes/2020/11/19/71b81931-c47d-4954-8da6-3714c0d409e1.jpg','15.88','2020-11-19 18:33:51','2020-11-19 18:33:51'),(1329372402534064130,'小炒苦笋',1323885983455899649,'法国hi考古与i看','https://quick-dine-oss-file.oss-cn-beijing.aliyuncs.com/dishes/2020/11/19/73b10abc-cc28-4875-a078-4e16ce25e304.jpg','26.99','2020-11-19 18:34:14','2020-11-19 18:34:14'),(1329372479705063426,'五彩小炒肉',1323885983455899649,'大幅上升的人很少的人','https://quick-dine-oss-file.oss-cn-beijing.aliyuncs.com/dishes/2020/11/19/530ec15a-e661-416c-9341-3f1fab48c2f7.jpg','24.00','2020-11-19 18:34:32','2020-11-19 18:34:32'),(1329372558226628609,'小炒河虾',1323886225106530306,'风格和释放根深蒂固','https://quick-dine-oss-file.oss-cn-beijing.aliyuncs.com/dishes/2020/11/19/7b1ee69f-a28f-45f3-b066-11c4474b5133.jpg','25.80','2020-11-19 18:34:51','2020-11-19 18:34:51'),(1329372644117585921,'小炒猪脚皮',1323886225106530306,'更好的接口覆盖后的','https://quick-dine-oss-file.oss-cn-beijing.aliyuncs.com/dishes/2020/11/19/95361c24-afce-4317-865c-9cbcbd38e869.jpg','45.00','2020-11-19 18:35:12','2020-11-19 18:35:12'),(1329372730725769217,'小炒南瓜梗',1323886225106530306,'汇丰控股发货单号','https://quick-dine-oss-file.oss-cn-beijing.aliyuncs.com/dishes/2020/11/19/5f4863a5-4718-4dfd-bc73-e5edbcc79333.jpg','24.00','2020-11-19 18:35:32','2020-11-19 18:35:32'),(1329372803312394241,'夏天田园小炒',1323886225106530306,'归还借款豆腐干恢复','https://quick-dine-oss-file.oss-cn-beijing.aliyuncs.com/dishes/2020/11/19/23ee2b20-2402-4e94-94d1-4ff2cd99d415.jpg','56.00','2020-11-19 18:35:50','2020-11-19 18:35:50'),(1329372873697009666,'百合小炒肉',1323886225106530306,'会更加开放的风格还是','https://quick-dine-oss-file.oss-cn-beijing.aliyuncs.com/dishes/2020/11/19/72efcef0-3458-465f-ad56-d6453fa0b961.jpg','56.00','2020-11-19 18:36:06','2020-11-19 18:36:06'),(1329373079964491778,'碟头饭',1329350229765468161,'地方和史蒂夫噶是','https://quick-dine-oss-file.oss-cn-beijing.aliyuncs.com/dishes/2020/11/19/bde186c7-ac4a-4f99-9c02-6a1576477796.jpg','8.00','2020-11-19 18:36:55','2020-11-19 18:36:55'),(1329373185086332930,'番茄饭',1329350229765468161,'分段施工的','https://quick-dine-oss-file.oss-cn-beijing.aliyuncs.com/dishes/2020/11/19/f8619861-e0f8-46c5-a72a-908bfb61ca36.jpg','10.00','2020-11-19 18:37:21','2020-11-19 18:37:21'),(1329373250177736705,'海参青菜粥',1329350229765468161,'该发动机负荷根本的方式','https://quick-dine-oss-file.oss-cn-beijing.aliyuncs.com/dishes/2020/11/19/1ea8269f-521f-44d2-bbea-a46fbb6283f5.jpg','12.00','2020-11-19 18:37:36','2020-11-19 18:37:36'),(1329373324379168770,'酱牛肉卷饼',1329350229765468161,'规划建设的风格和是德国','https://quick-dine-oss-file.oss-cn-beijing.aliyuncs.com/dishes/2020/11/19/f714a413-4949-4cde-9f9c-a0a30dafacb7.jpg','12.50','2020-11-19 18:37:54','2020-11-19 18:37:54'),(1329373393299972097,'拉面辣炒年糕',1329350229765468161,'和国家的法规不合适的','https://quick-dine-oss-file.oss-cn-beijing.aliyuncs.com/dishes/2020/11/19/86d99468-5e1b-4877-b7ce-fba1e5022c8c.jpg','24.00','2020-11-19 18:38:10','2020-11-19 18:38:10'),(1329373466079535106,'懒人八宝粥',1329350229765468161,'国家的法规VS大哥v','https://quick-dine-oss-file.oss-cn-beijing.aliyuncs.com/dishes/2020/11/19/e803940b-ab39-41b4-8a9d-29a784d8eccc.jpg','26.00','2020-11-19 18:38:28','2020-11-19 18:38:28'),(1329373548178841601,'懒人排骨饭',1329350229765468161,'会尽快发给德豪润达','https://quick-dine-oss-file.oss-cn-beijing.aliyuncs.com/dishes/2020/11/19/658e78a1-6a6d-4701-82f1-5fab39587d24.jpg','14.50','2020-11-19 18:38:47','2020-11-19 18:38:47'),(1329373620648026114,'全麦馒头',1329350229765468161,'和高科技的方式更好的','https://quick-dine-oss-file.oss-cn-beijing.aliyuncs.com/dishes/2020/11/19/adf434b5-ba2c-4396-b058-998b14c20bd0.jpg','16.00','2020-11-19 18:39:04','2020-11-19 18:39:04'),(1329373698821464065,'上海菜饭',1329350229765468161,'规划建设的风格sea噶','https://quick-dine-oss-file.oss-cn-beijing.aliyuncs.com/dishes/2020/11/19/dba8b2d4-fb84-484c-91e7-fdfbcb9aea39.jpg','13.50','2020-11-19 18:39:23','2020-11-19 18:39:23'),(1329373891176439810,'海带猪肉汤',1329350080754429954,'风格的和对方是根深蒂固','https://quick-dine-oss-file.oss-cn-beijing.aliyuncs.com/dishes/2020/11/19/db5439be-6566-42a1-be7a-55938a7360fb.png','12.99','2020-11-19 18:40:09','2020-11-19 18:40:09'),(1329374031064866817,'红烧猪肉蘑菇汤',1329350080754429954,'规范和监督发生过还是短发','https://quick-dine-oss-file.oss-cn-beijing.aliyuncs.com/dishes/2020/11/19/1545ebdc-474b-4417-b0ad-a07cd0bed0de.jpg','14.50','2020-11-19 18:40:42','2020-11-19 18:40:42'),(1329374119778590721,'木耳黄花汤',1329350080754429954,'规划阶段覆盖后的法国','https://quick-dine-oss-file.oss-cn-beijing.aliyuncs.com/dishes/2020/11/19/711b2959-7fc5-4b00-b50a-d1b32edb1224.png','15.60','2020-11-19 18:41:03','2020-11-19 18:41:03'),(1329374202888724481,'酸辣鸡蛋汤',1329350080754429954,'v很快就豆腐干恢复撒大噶收到','https://quick-dine-oss-file.oss-cn-beijing.aliyuncs.com/dishes/2020/11/19/3d8253d3-c36c-44d0-896d-ca800e85cec2.jpg','13.00','2020-11-19 18:41:23','2020-11-19 18:41:23'),(1329374388075634689,'酸辣鸡蛋汤',1329350080754429954,'给大家发个德国无色','https://quick-dine-oss-file.oss-cn-beijing.aliyuncs.com/dishes/2020/11/19/8f988747-0a13-42ab-902b-7d7c77bfd110.png','15.70','2020-11-19 18:42:07','2020-11-19 18:42:07'),(1329374465796087809,'杂菜汤',1329350080754429954,'规划开发公司发生','https://quick-dine-oss-file.oss-cn-beijing.aliyuncs.com/dishes/2020/11/19/573a31a8-a6db-4660-b3ec-618ddf18ab05.jpg','12.00','2020-11-19 18:42:26','2020-11-19 18:42:26'),(1329374562764201986,'白萝卜丝鲫鱼汤',1329349909907845121,'房管局士大夫敢死队','https://quick-dine-oss-file.oss-cn-beijing.aliyuncs.com/dishes/2020/11/19/203d3c58-b8f8-4ca4-ba85-59ae3ed611dd.jpg','45.00','2020-11-19 18:42:49','2020-11-19 18:42:49'),(1329374635476656130,'红烧鲫鱼',1329349909907845121,'法国海军岁的法国合适的','https://quick-dine-oss-file.oss-cn-beijing.aliyuncs.com/dishes/2020/11/19/ebde5c88-0545-48e8-a1f0-bf767e95319b.jpg','45.00','2020-11-19 18:43:06','2020-11-19 18:43:06'),(1329374718226079746,'红烧鱼块',1329349909907845121,'的挂号费开发规划受到法国华人','https://quick-dine-oss-file.oss-cn-beijing.aliyuncs.com/dishes/2020/11/19/ab247bc1-f874-4955-89e3-3aaf9df7de09.png','32.00','2020-11-19 18:43:26','2020-11-19 18:43:26'),(1329374794101039106,'花椒鱼',1329349909907845121,'黄金矿工两个回复几个','https://quick-dine-oss-file.oss-cn-beijing.aliyuncs.com/dishes/2020/11/19/759735aa-ba06-433b-89b2-dac5ccf9855b.jpg','30.90','2020-11-19 18:43:44','2020-11-19 18:43:44'),(1329374858752040962,'家常清蒸鲈鱼',1329349909907845121,'法国海军士大夫敢死队','https://quick-dine-oss-file.oss-cn-beijing.aliyuncs.com/dishes/2020/11/19/e468a498-443b-40d6-a7a6-a4dc1ddc6d5a.jpg','34.00','2020-11-19 18:44:00','2020-11-19 18:44:00'),(1329374941530824706,'重庆麻辣烤鱼',1329349909907845121,'官方介绍的反光标识的','https://quick-dine-oss-file.oss-cn-beijing.aliyuncs.com/dishes/2020/11/19/f849ff02-4fb2-4dd9-87b9-a6243c157164.jpg','16.00','2020-11-19 18:44:19','2020-11-19 18:44:19'),(1329375015388323842,'重庆片片鱼',1329349909907845121,'成功v后端返回的法国','https://quick-dine-oss-file.oss-cn-beijing.aliyuncs.com/dishes/2020/11/19/868c658a-d67d-40a6-bb1d-7ab271c99c4d.jpg','47.00','2020-11-19 18:44:37','2020-11-19 18:44:37'),(1329375102990557186,'茶汤冷面',1329350128338808834,'法国军队风格吧山东分公司','https://quick-dine-oss-file.oss-cn-beijing.aliyuncs.com/dishes/2020/11/19/4f8e7496-3359-4a95-94a2-aba546e22a53.jpg','18.50','2020-11-19 18:44:58','2020-11-19 18:44:58'),(1329375187581280257,'鸡蛋西红柿桑叶面',1329350128338808834,'法国海军岁的法国好办法','https://quick-dine-oss-file.oss-cn-beijing.aliyuncs.com/dishes/2020/11/19/23f5c11a-40d3-495f-8720-311aff327cce.jpg','20.50','2020-11-19 18:45:18','2020-11-19 18:45:18'),(1329375257378693121,'绿豆杂面条',1329350128338808834,'规划分局富商大贾','https://quick-dine-oss-file.oss-cn-beijing.aliyuncs.com/dishes/2020/11/19/c9cfddb6-a344-4745-99d6-8cd869bfe634.jpg','15.00','2020-11-19 18:45:35','2020-11-19 18:45:35'),(1329375345559740418,'青菜荷包蛋煮面条',1329350128338808834,'过的附加费国家和地方','https://quick-dine-oss-file.oss-cn-beijing.aliyuncs.com/dishes/2020/11/19/cc5970a5-c354-4f4f-b693-f53f762c08a1.jpg','34.00','2020-11-19 18:45:56','2020-11-19 18:45:56'),(1329375411158654977,'特色蒸面条',1329350128338808834,'和接口豆腐干士大夫','https://quick-dine-oss-file.oss-cn-beijing.aliyuncs.com/dishes/2020/11/19/bc307ffb-c566-4582-997b-5f93f59ac2a8.jpg','23.00','2020-11-19 18:46:11','2020-11-19 18:46:11'),(1329375531623260162,'西红柿面条',1329350128338808834,'豆腐干士大夫敢死队风格士大夫和第三方','https://quick-dine-oss-file.oss-cn-beijing.aliyuncs.com/dishes/2020/11/19/90eacb3b-e6ef-4014-90ca-1dc678bc5f6e.jpg','16.00','2020-11-19 18:46:40','2020-11-19 18:46:40'),(1329375604230856706,'鲜虾面条',1329350128338808834,'和顾客的风格和大风','https://quick-dine-oss-file.oss-cn-beijing.aliyuncs.com/dishes/2020/11/19/5d0fc5ec-4b3f-4b68-9527-eff6dd79f486.jpg','18.00','2020-11-19 18:46:57','2020-11-19 18:46:57'),(1329375664763052034,'香菇汤面条',1329350128338808834,'hi岁的法国河北山东分公司','https://quick-dine-oss-file.oss-cn-beijing.aliyuncs.com/dishes/2020/11/19/7aee98f5-e4fd-4d22-b40e-c713bcab5de8.jpg','23.00','2020-11-19 18:47:12','2020-11-19 18:47:12'),(1329375719121231873,'芝麻叶面条',1329350128338808834,'的风格和的风格和大风','https://quick-dine-oss-file.oss-cn-beijing.aliyuncs.com/dishes/2020/11/19/50c53999-af43-4731-bd00-7048369f5113.jpg','14.00','2020-11-19 18:47:25','2020-11-19 18:47:25'),(1329375807168061441,'菠萝啤',1329350188292190209,'风格还是的法国队施工方','https://quick-dine-oss-file.oss-cn-beijing.aliyuncs.com/dishes/2020/11/19/ad27740e-50e2-477a-9cb3-9d441d90cbfb.jpg','4.00','2020-11-19 18:47:46','2020-11-19 18:47:46'),(1329375870384611330,'姜母奶茶',1329350188292190209,'法国海军士大夫敢死队','https://quick-dine-oss-file.oss-cn-beijing.aliyuncs.com/dishes/2020/11/19/cf3bad83-f669-47f4-999f-f113ea2131e4.jpg','8.00','2020-11-19 18:48:01','2020-11-19 18:48:01'),(1329375935312437250,'懒人版姜枣茶',1329350188292190209,'法国海军的是的风格还是','https://quick-dine-oss-file.oss-cn-beijing.aliyuncs.com/dishes/2020/11/19/5a2637b5-4386-4444-a48e-b050d420f0ee.jpg','13.00','2020-11-19 18:48:16','2020-11-19 18:48:16'),(1329375994934468610,'南瓜牛奶布丁',1329350188292190209,'风格和第三方公司的','https://quick-dine-oss-file.oss-cn-beijing.aliyuncs.com/dishes/2020/11/19/e645ce80-46a0-435a-8411-e3e849c3eebc.jpg','12.00','2020-11-19 18:48:30','2020-11-19 18:48:30'),(1329376062278213634,'啤酒',1329350188292190209,'的发货速度放缓的还是2','https://quick-dine-oss-file.oss-cn-beijing.aliyuncs.com/dishes/2020/11/19/6c053150-59bd-41fe-b6cf-f5af7de96b7e.jpg','6.00','2020-11-19 18:48:47','2020-11-19 18:48:47'),(1329376127843573762,'泰式奶茶',1329350188292190209,'大幅回升的黄色灯光','https://quick-dine-oss-file.oss-cn-beijing.aliyuncs.com/dishes/2020/11/19/3e6f603f-0c6c-425a-b607-0b04a313b62b.jpg','12.00','2020-11-19 18:49:02','2020-11-19 18:49:02');

/*Table structure for table `t_dishes_type` */

DROP TABLE IF EXISTS `t_dishes_type`;

CREATE TABLE `t_dishes_type` (
  `id` bigint(20) DEFAULT NULL,
  `type_name` varchar(20) COLLATE utf8mb4_croatian_ci DEFAULT NULL COMMENT '分类名称：唯一',
  `create_time` datetime DEFAULT NULL COMMENT '创建时间',
  `update_time` datetime DEFAULT NULL COMMENT '修改时间'
) ENGINE=InnoDB DEFAULT CHARSET=utf8mb4 COLLATE=utf8mb4_croatian_ci;

/*Data for the table `t_dishes_type` */

insert  into `t_dishes_type`(`id`,`type_name`,`create_time`,`update_time`) values (1321389727932239873,'川菜','2020-10-28 17:53:56','2020-10-28 17:53:56'),(1321389776149958658,'粤菜','2020-10-28 17:54:08','2020-10-28 17:54:08'),(1323873300216090625,'鲁菜','2020-11-04 14:22:46','2020-11-04 15:12:52'),(1323873357183127554,'苏菜','2020-11-04 14:22:59','2020-11-04 15:13:24'),(1323874052745531394,'浙菜','2020-11-04 14:25:45','2020-11-04 15:13:37'),(1323874233071243265,'湘菜','2020-11-04 14:26:28','2020-11-04 15:13:53'),(1323885983455899649,'闽菜','2020-11-04 15:13:10','2020-11-04 15:13:10'),(1323886225106530306,'徽菜','2020-11-04 15:14:07','2020-11-04 15:14:07'),(1329349909907845121,'年年有余','2020-11-19 17:04:51','2020-11-19 17:04:51'),(1329350080754429954,'汤类','2020-11-19 17:05:32','2020-11-19 17:05:32'),(1329350128338808834,'面食','2020-11-19 17:05:43','2020-11-19 17:05:43'),(1329350188292190209,'饮料酒水','2020-11-19 17:05:58','2020-11-19 17:05:58'),(1329350229765468161,'主食','2020-11-19 17:06:08','2020-11-19 17:06:08');

/*Table structure for table `t_employee` */

DROP TABLE IF EXISTS `t_employee`;

CREATE TABLE `t_employee` (
  `id` bigint(20) NOT NULL COMMENT '工号（唯一，登录账号）',
  `employee_name` varchar(20) COLLATE utf8mb4_croatian_ci DEFAULT NULL COMMENT '姓名',
  `level_id` bigint(20) DEFAULT NULL COMMENT '级别：关联级别表id',
  `password` varchar(32) COLLATE utf8mb4_croatian_ci DEFAULT NULL COMMENT '密码',
  `entry_time` datetime DEFAULT NULL COMMENT '入职时间',
  `create_time` datetime DEFAULT NULL COMMENT '创建时间',
  `update_time` datetime DEFAULT NULL COMMENT '修改时间',
  PRIMARY KEY (`id`)
) ENGINE=InnoDB DEFAULT CHARSET=utf8mb4 COLLATE=utf8mb4_croatian_ci;

/*Data for the table `t_employee` */

insert  into `t_employee`(`id`,`employee_name`,`level_id`,`password`,`entry_time`,`create_time`,`update_time`) values (1322466532407705602,'j3_liuliang',1322460721866407938,'123456','2020-10-31 09:11:38','2020-10-31 17:12:46','2020-11-08 10:55:42'),(1322466653144940545,'小当家',1322460839462109186,'123456','2020-12-01 09:11:38','2020-10-31 17:13:15','2020-11-08 11:01:11'),(1322466771923435521,'红娘',1322460890099941377,'123456','2020-10-30 09:11:38','2020-10-31 17:13:43','2020-10-31 17:13:43'),(1322466930732367873,'姚莉',1322460811989417986,'123456','2020-10-30 00:00:00','2020-10-31 17:14:21','2020-11-19 17:39:10'),(1325294544815669249,'柳岩',1322460930960850945,'123456','2020-11-07 00:00:00','2020-11-08 12:30:17','2020-11-08 12:30:17'),(1325296104132067329,'杨幂',1322460890099941377,'123456','2020-11-05 00:00:00','2020-11-08 12:36:29','2020-11-08 12:36:29');

/*Table structure for table `t_evaluate` */

DROP TABLE IF EXISTS `t_evaluate`;

CREATE TABLE `t_evaluate` (
  `id` bigint(20) NOT NULL,
  `evaluate_name` varchar(20) COLLATE utf8mb4_croatian_ci DEFAULT NULL COMMENT '评价人姓名：（游客就是游客）',
  `phone` varchar(11) COLLATE utf8mb4_croatian_ci DEFAULT NULL COMMENT '评价人账号：（游客就为空）',
  `user_info_id` bigint(20) DEFAULT NULL COMMENT '评价人身份id',
  `store_name` varchar(15) COLLATE utf8mb4_croatian_ci DEFAULT NULL COMMENT '店家名称',
  `taste` tinyint(2) DEFAULT NULL COMMENT '菜品口味：1代表一星，依次类推，最高五星',
  `attitude` tinyint(2) DEFAULT NULL COMMENT '服务态度：1代表一星，依次类推，最高五星',
  `environment` tinyint(2) DEFAULT NULL COMMENT '店内环境：1代表一星，依次类推，最高五星',
  `overall_evaluation` tinyint(2) DEFAULT NULL COMMENT '总体评价：1代表一星，依次类推，最高五星',
  `opinion` varchar(225) COLLATE utf8mb4_croatian_ci DEFAULT NULL COMMENT '意见',
  `evaluate_time` datetime DEFAULT NULL COMMENT '评价时间',
  `create_time` datetime DEFAULT NULL COMMENT '创建时间',
  `update_time` datetime DEFAULT NULL COMMENT '修改时间',
  PRIMARY KEY (`id`)
) ENGINE=InnoDB DEFAULT CHARSET=utf8mb4 COLLATE=utf8mb4_croatian_ci;

/*Data for the table `t_evaluate` */

insert  into `t_evaluate`(`id`,`evaluate_name`,`phone`,`user_info_id`,`store_name`,`taste`,`attitude`,`environment`,`overall_evaluation`,`opinion`,`evaluate_time`,`create_time`,`update_time`) values (1,'游客','11111111111',1321703592666603521,'鲲鹏膳',4,4,5,4,'希望店家上菜速度快点','2020-10-29 14:55:28','2020-10-29 14:55:34','2020-10-29 14:55:36'),(2,'小马','1',1321703632667680770,'鲲鹏膳',2,3,4,3,'还行，说得过去；还行，说得过去；还行，说得过去；还行，说得过去；还行，说得过去；还行，说得过去','2020-11-07 08:26:48','2020-11-07 08:26:50','2020-11-07 08:27:42'),(3,'j3_liuliang','32453',1321703619577257986,'鲲鹏膳',4,3,4,4,'还行，说得过去；还行，说得过去；还行，说得过去；还行，说得过去；还行，说得过去；还行，说得过去','2020-11-07 08:27:34','2020-11-07 08:27:37','2020-11-07 08:27:44'),(1327062225038467073,'唐僧','13277777777',1321703632667680770,'鲲鹏膳',5,5,5,5,'非常不错，继续保持','2020-11-13 09:34:25','2020-11-13 09:34:25','2020-11-13 09:34:25'),(1327141458490183681,'j3_liuliang','13211111111',1321703619577257986,'鲲鹏膳',5,5,5,5,'非常不错','2020-11-13 14:49:15','2020-11-13 14:49:15','2020-11-13 14:49:15'),(1327142949280043010,'j3_liuliang','13211111111',1321703619577257986,'鲲鹏膳',5,5,5,5,'非常美味！','2020-11-13 14:55:11','2020-11-13 14:55:11','2020-11-13 14:55:11'),(1327143424989614081,'j3_liuliang','13211111111',1321703619577257986,'鲲鹏膳',5,5,5,5,'非常美味！','2020-11-13 14:57:04','2020-11-13 14:57:04','2020-11-13 14:57:04'),(1327164311226830849,'金角大王','13888888888',1321703619577257986,'鲲鹏膳',5,5,5,5,'非常美味！','2020-11-13 16:20:04','2020-11-13 16:20:04','2020-11-13 16:20:04'),(1328170779132567554,'j3_liuliang','13211111111',1321703619577257986,'鲲鹏膳',5,5,1,5,'非常美味，你们值得选购！','2020-11-16 10:59:25','2020-11-16 10:59:25','2020-11-16 10:59:25'),(1331854101255868417,'xiaoma','13222222222',1321703632667680770,'鲲鹏膳',2,4,2,3,'味道真的不错，朋友都喜欢吃。今天还是比较幸运的，去了没有排队，坐下之后人瞬间好多。不过感觉涮菜吃的时候有点咸了，不过量绝对是够的。心里还觉得一个价钱不知道怎么样，结果是感觉比想象中令人满意，希望店家多搞活动，下次会再团。','2020-11-26 14:55:37','2020-11-26 14:55:37','2020-11-26 14:55:37'),(1331860345022631937,'xiaoma','13222222222',1321703632667680770,'鲲鹏膳',2,5,3,4,'非常美味！','2020-11-26 15:20:26','2020-11-26 15:20:26','2020-11-26 15:20:26'),(1331862572055449602,'xiaoma','13222222222',1321703632667680770,'鲲鹏膳',5,4,2,4,'味道知真的不错，朋友都喜欢吃。今天还是比较幸运的，去了没有排队，坐下之后人瞬间好多。不过感觉涮菜吃的时候有点咸了，不过量绝对是够的。','2020-11-26 15:29:17','2020-11-26 15:29:17','2020-11-26 15:29:17'),(1331865374399975426,'孙悟空','13255555555',1321703592666603521,'鲲鹏膳',4,4,5,4,'这家餐厅环境很好，非常干净整洁，食物不仅外形美观，重要的是味道非常棒，色味俱佳。做法保留了道食材原有的味道，清新爽口。而且菜品选择非常多，价格也不高，适合带着家人一起去。','2020-11-26 15:40:25','2020-11-26 15:40:25','2020-11-26 15:40:25'),(1331873069546983426,'鲁班','13244444444',1321703619577257986,'鲲鹏膳',5,3,5,4,'非常美味！','2020-11-26 16:10:59','2020-11-26 16:10:59','2020-11-26 16:10:59');

/*Table structure for table `t_level` */

DROP TABLE IF EXISTS `t_level`;

CREATE TABLE `t_level` (
  `id` bigint(20) NOT NULL,
  `level_name` varchar(15) COLLATE utf8mb4_croatian_ci DEFAULT NULL COMMENT '级别名称',
  `compensation` decimal(18,2) DEFAULT NULL COMMENT '薪资',
  `create_time` datetime DEFAULT NULL,
  `update_time` datetime DEFAULT NULL,
  PRIMARY KEY (`id`)
) ENGINE=InnoDB DEFAULT CHARSET=utf8mb4 COLLATE=utf8mb4_croatian_ci;

/*Data for the table `t_level` */

insert  into `t_level`(`id`,`level_name`,`compensation`,`create_time`,`update_time`) values (1322460721866407938,'Boss','8000.00','2020-10-31 16:49:41','2020-10-31 16:49:41'),(1322460811989417986,'主厨','6000.00','2020-10-31 16:50:02','2020-10-31 16:50:02'),(1322460839462109186,'厨师','4500.00','2020-10-31 16:50:09','2020-10-31 16:55:11'),(1322460890099941377,'大堂经理','6000.00','2020-10-31 16:50:21','2020-10-31 16:50:21'),(1322460930960850945,'服务员','4000.00','2020-10-31 16:50:31','2020-10-31 16:50:31');

/*Table structure for table `t_order` */

DROP TABLE IF EXISTS `t_order`;

CREATE TABLE `t_order` (
  `id` bigint(20) NOT NULL,
  `store_name` varchar(25) COLLATE utf8mb4_croatian_ci DEFAULT NULL COMMENT '店家名称：唯一',
  `dining_table_number` varchar(10) COLLATE utf8mb4_croatian_ci DEFAULT NULL COMMENT '桌号：关联餐桌表中的id',
  `number_of_people` int(11) DEFAULT NULL COMMENT '就餐人数',
  `user_id` bigint(20) DEFAULT NULL COMMENT '下单用户id',
  `order_dishes_people_name` varchar(15) COLLATE utf8mb4_croatian_ci DEFAULT NULL COMMENT '下单人名称',
  `order_dishes_people_phone` varchar(11) COLLATE utf8mb4_croatian_ci DEFAULT NULL COMMENT '下单人电话',
  `foods` bigint(20) DEFAULT NULL COMMENT '已点菜品：生成id，关联已点菜表id',
  `money` decimal(18,2) DEFAULT NULL COMMENT '总金额',
  `actual_money` decimal(18,2) DEFAULT NULL COMMENT '实付金额',
  `description` varchar(225) COLLATE utf8mb4_croatian_ci DEFAULT NULL COMMENT '金额来源描述（优惠率，上一次积分抵扣）',
  `integral` int(4) DEFAULT NULL COMMENT '积分：每十块抵一积分，积分可以在结账时抵扣，一积分抵扣一块钱（这个以后后台需要可设置话）',
  `is_settle_accounts` tinyint(2) DEFAULT '2' COMMENT '是否结账：1：结账，2：未结账',
  `order_time` datetime DEFAULT NULL COMMENT '下单时间',
  `settle_accounts_time` datetime DEFAULT NULL COMMENT '结账时间',
  `create_time` datetime DEFAULT NULL COMMENT '创建时间',
  `update_time` datetime DEFAULT NULL COMMENT '修改时间',
  PRIMARY KEY (`id`)
) ENGINE=InnoDB DEFAULT CHARSET=utf8mb4 COLLATE=utf8mb4_croatian_ci;

/*Data for the table `t_order` */

insert  into `t_order`(`id`,`store_name`,`dining_table_number`,`number_of_people`,`user_id`,`order_dishes_people_name`,`order_dishes_people_phone`,`foods`,`money`,`actual_money`,`description`,`integral`,`is_settle_accounts`,`order_time`,`settle_accounts_time`,`create_time`,`update_time`) values (1331511603727716354,'鲲鹏膳','03',4,1326100599074267137,'j3_liuliang','13211111111',1331511603509612546,'320.76','314.76','1.0折（注：1 = 无）;6;',31,1,'2020-11-25 16:14:39','2020-11-25 16:19:45','2020-11-25 16:14:39','2020-11-25 16:19:45'),(1331514271225368578,'鲲鹏膳','03',3,1326100599074267137,'j3_liuliang','13211111111',1331514271196008449,'35.88','3.09','0.95折（注：1 = 无）;31;',0,1,'2020-11-25 16:25:15','2020-11-25 16:26:41','2020-11-25 16:25:15','2020-11-25 16:26:41'),(1331515257348182017,'鲲鹏膳','05',1,1326100599074267137,'j3_liuliang','13211111111',1331515256735813633,'30.55','29.02','0.95折（注：1 = 无）;0;',3,1,'2020-11-25 16:29:10','2020-11-25 16:29:41','2020-11-25 16:29:10','2020-11-25 16:29:41'),(1331522027009396737,'鲲鹏膳','01',8,1326100599074267137,'j3_liuliang','13211111111',1331522026778710018,'502.73','474.59','0.95折（注：1 = 无）;0;',47,1,'2020-11-25 16:56:04','2020-11-25 16:56:47','2020-11-25 16:56:04','2020-11-25 16:56:47'),(1331525150721548289,'鲲鹏膳','01',1,1326100599074267137,'j3_liuliang','13211111111',1331525150625079298,'26.00','0.00','0.95折（注：1 = 无）;22;',0,1,'2020-11-25 17:08:29','2020-11-25 17:09:53','2020-11-25 17:08:29','2020-11-25 17:09:53'),(1331761796435939330,'鲲鹏膳','01',2,1326125099744509953,'xiaoma','13222222222',1331761795756462081,'71.82','71.82','1.0折（注：1 = 无）;0;',7,1,'2020-11-26 08:48:50','2020-11-26 08:49:25','2020-11-26 08:48:50','2020-11-26 08:49:25'),(1331863022972489730,'鲲鹏膳','01',2,1326125099744509953,'xiaoma','13222222222',1331863022397870082,'93.60','86.60','1.0折（注：1 = 无）;0;',9,1,'2020-11-26 15:31:04','2020-11-26 15:31:21','2020-11-26 15:31:04','2020-11-26 15:31:21'),(1331864929581453314,'鲲鹏膳','01',6,1331864246543241217,'孙悟空','13255555555',1331864929451429890,'104.50','104.50','1.0折（注：1 = 无）;0;',10,1,'2020-11-26 15:38:39','2020-11-26 15:39:33','2020-11-26 15:38:39','2020-11-26 15:39:33'),(1331872617304543234,'鲲鹏膳','02',1,1329398232400334850,'鲁班','13244444444',1331872617195491329,'84.00','79.80','0.95折（注：1 = 无）;0;',8,1,'2020-11-26 16:09:12','2020-11-26 16:10:00','2020-11-26 16:09:12','2020-11-26 16:10:01'),(1331941838654918658,'鲲鹏膳','03',4,1329398232400334850,'鲁班','13244444444',1331941837979635713,'45.61','35.33','0.95折（注：1 = 无）;0;',4,1,'2020-11-26 20:44:15','2020-11-26 20:44:33','2020-11-26 20:44:15','2020-11-26 20:44:33');

/*Table structure for table `t_store` */

DROP TABLE IF EXISTS `t_store`;

CREATE TABLE `t_store` (
  `id` bigint(20) NOT NULL,
  `store_name` varchar(25) COLLATE utf8mb4_croatian_ci DEFAULT NULL COMMENT '店家名称（唯一）',
  `principal_name` varchar(25) COLLATE utf8mb4_croatian_ci DEFAULT NULL COMMENT '负责人名称',
  `principal_phone` varchar(11) COLLATE utf8mb4_croatian_ci DEFAULT NULL COMMENT '负责人电话：登录账号',
  `password` varchar(32) COLLATE utf8mb4_croatian_ci DEFAULT NULL COMMENT '登入密码',
  `create_time` datetime DEFAULT NULL COMMENT '创建时间',
  `update_time` datetime DEFAULT NULL COMMENT '修改时间',
  PRIMARY KEY (`id`)
) ENGINE=InnoDB DEFAULT CHARSET=utf8mb4 COLLATE=utf8mb4_croatian_ci;

/*Data for the table `t_store` */

insert  into `t_store`(`id`,`store_name`,`principal_name`,`principal_phone`,`password`,`create_time`,`update_time`) values (1,'鲲鹏膳','j3_liuliang','13207920596','123456','2020-10-29 14:35:54','2020-10-29 14:35:59');

/*Table structure for table `t_store_user` */

DROP TABLE IF EXISTS `t_store_user`;

CREATE TABLE `t_store_user` (
  `store_id` bigint(20) DEFAULT NULL COMMENT '店家id',
  `user_id` bigint(20) DEFAULT NULL COMMENT '用户id',
  `create_time` datetime DEFAULT NULL COMMENT '创建时间',
  `update_time` datetime DEFAULT NULL COMMENT '修改时间'
) ENGINE=InnoDB DEFAULT CHARSET=utf8mb4 COLLATE=utf8mb4_croatian_ci;

/*Data for the table `t_store_user` */

insert  into `t_store_user`(`store_id`,`user_id`,`create_time`,`update_time`) values (1,1,'2020-10-31 15:28:17','2020-10-31 15:28:20');

/*Table structure for table `t_sys` */

DROP TABLE IF EXISTS `t_sys`;

CREATE TABLE `t_sys` (
  `id` bigint(20) NOT NULL,
  `discount` float(3,2) DEFAULT '1.00' COMMENT '结账时的优惠折扣率',
  `proportion_integral` int(11) DEFAULT '10' COMMENT '积分比例，10块钱1积分',
  `create_time` datetime DEFAULT NULL,
  `update_time` datetime DEFAULT NULL,
  PRIMARY KEY (`id`)
) ENGINE=InnoDB DEFAULT CHARSET=utf8mb4 COLLATE=utf8mb4_croatian_ci;

/*Data for the table `t_sys` */

insert  into `t_sys`(`id`,`discount`,`proportion_integral`,`create_time`,`update_time`) values (1,0.95,10,NULL,NULL);

/*Table structure for table `t_user_info` */

DROP TABLE IF EXISTS `t_user_info`;

CREATE TABLE `t_user_info` (
  `id` bigint(20) NOT NULL,
  `identity_type` varchar(5) COLLATE utf8mb4_croatian_ci DEFAULT NULL COMMENT '身份类型：用户，会员',
  `discounts` float(3,2) DEFAULT NULL COMMENT '优惠值：用户无优惠但有积分，会员有优惠（9折）而且还有积分',
  `create_time` datetime DEFAULT NULL COMMENT '创建时间',
  `update_time` datetime DEFAULT NULL COMMENT '修改时间',
  PRIMARY KEY (`id`)
) ENGINE=InnoDB DEFAULT CHARSET=utf8mb4 COLLATE=utf8mb4_croatian_ci;

/*Data for the table `t_user_info` */

insert  into `t_user_info`(`id`,`identity_type`,`discounts`,`create_time`,`update_time`) values (1321703592666603521,'游客',1.00,'2020-10-29 14:39:03','2020-10-29 14:39:06'),(1321703619577257986,'会员',0.95,'2020-10-29 14:40:10','2020-10-29 14:40:12'),(1321703632667680770,'用户',1.00,'2020-10-29 14:39:21','2020-10-29 14:39:24');

/*Table structure for table `t_user_login` */

DROP TABLE IF EXISTS `t_user_login`;

CREATE TABLE `t_user_login` (
  `id` bigint(20) NOT NULL COMMENT '主键不为空，唯一',
  `name` varchar(20) COLLATE utf8mb4_croatian_ci DEFAULT NULL COMMENT '用户姓名：用户回会员需要，游客无需需要',
  `phone` varchar(11) COLLATE utf8mb4_croatian_ci DEFAULT NULL COMMENT '电话号码：（登录账号）用户或会员需要（唯一），游客无需需要',
  `password` varchar(32) COLLATE utf8mb4_croatian_ci DEFAULT NULL COMMENT '密码：用户或会员可以登录，游客无需登录',
  `integral` int(4) DEFAULT '0' COMMENT '积分：每十块抵一积分，积分可以在结账时抵扣，一积分抵扣一块钱（这个以后后台需要可设置话）',
  `user_info_id` bigint(20) DEFAULT NULL COMMENT '身份：关联身份信息表id',
  `create_time` datetime DEFAULT NULL COMMENT '创建时间',
  `update_time` datetime DEFAULT NULL COMMENT '修改时间',
  PRIMARY KEY (`id`)
) ENGINE=InnoDB DEFAULT CHARSET=utf8mb4 COLLATE=utf8mb4_croatian_ci;

/*Data for the table `t_user_login` */

insert  into `t_user_login`(`id`,`name`,`phone`,`password`,`integral`,`user_info_id`,`create_time`,`update_time`) values (1326100599074267137,'j3_liuliang','13211111111','e10adc3949ba59abbe56e057f20f883e',22,1321703619577257986,'2020-11-10 17:53:15','2020-11-25 17:09:53'),(1326125099744509953,'xiaoma','13222222222','e10adc3949ba59abbe56e057f20f883e',9,1321703632667680770,'2020-11-10 19:30:37','2020-11-26 15:31:21'),(1326330354440704002,'唐僧','13277777777','e10adc3949ba59abbe56e057f20f883e',0,1321703632667680770,'2020-11-11 09:06:13','2020-11-11 09:06:13'),(1326416357499076609,'游客57506',NULL,NULL,0,1321703592666603521,'2020-11-11 14:47:58','2020-11-11 14:47:58'),(1326786493284360193,'游客15238',NULL,NULL,0,1321703592666603521,'2020-11-12 15:18:45','2020-11-12 15:18:45'),(1326786598347481089,'游客10492',NULL,NULL,0,1321703592666603521,'2020-11-12 15:19:10','2020-11-12 15:19:10'),(1326789957347450881,'游客53025',NULL,NULL,0,1321703592666603521,'2020-11-12 15:32:31','2020-11-12 15:32:31'),(1326791461529722882,'游客43185',NULL,NULL,0,1321703592666603521,'2020-11-12 15:38:30','2020-11-12 15:38:30'),(1326815101172326402,'傻子','13811111111','e10adc3949ba59abbe56e057f20f883e',0,1321703632667680770,'2020-11-12 17:12:26','2020-11-12 17:12:26'),(1326815387496488961,'混子','13822222222','e10adc3949ba59abbe56e057f20f883e',0,1321703592666603521,'2020-11-12 17:13:34','2020-11-12 17:13:34'),(1326816114759442434,'游客80095',NULL,NULL,0,1321703592666603521,'2020-11-12 17:16:27','2020-11-12 17:16:27'),(1327164173209063426,'金角大王','13888888888','e10adc3949ba59abbe56e057f20f883e',0,1321703619577257986,'2020-11-13 16:19:31','2020-11-13 16:19:31'),(1327173608589512706,'游客26935',NULL,NULL,0,1321703592666603521,'2020-11-13 16:57:01','2020-11-13 16:57:01'),(1327174019278983170,'游客88669',NULL,NULL,0,1321703592666603521,'2020-11-13 16:58:39','2020-11-13 16:58:39'),(1327174478232309762,'游客17007',NULL,NULL,0,1321703592666603521,'2020-11-13 17:00:29','2020-11-13 17:00:29'),(1327174929568780290,'游客64859',NULL,NULL,0,1321703592666603521,'2020-11-13 17:02:16','2020-11-13 17:02:16'),(1327175127145664514,'游客82946',NULL,NULL,0,1321703592666603521,'2020-11-13 17:03:03','2020-11-13 17:03:03'),(1327227756148191233,'游客4976',NULL,NULL,0,1321703592666603521,'2020-11-13 20:32:11','2020-11-13 20:32:11'),(1328170211232194561,'游客69498',NULL,NULL,0,1321703592666603521,'2020-11-16 10:57:11','2020-11-16 10:57:11'),(1328294238986817538,'游客79084',NULL,NULL,0,1321703592666603521,'2020-11-16 19:10:00','2020-11-16 19:10:00'),(1328304428654006274,'游客18016',NULL,NULL,0,1321703592666603521,'2020-11-16 19:50:30','2020-11-16 19:50:30'),(1328508069461696514,'游客96088',NULL,NULL,0,1321703592666603521,'2020-11-17 09:19:49','2020-11-17 09:19:49'),(1328508144363577346,'游客74039',NULL,NULL,0,1321703592666603521,'2020-11-17 09:19:59','2020-11-17 09:19:59'),(1328508433405648897,'游客25962',NULL,NULL,0,1321703592666603521,'2020-11-17 09:21:08','2020-11-17 09:21:08'),(1329240094816727041,'游客39562',NULL,NULL,0,1321703592666603521,'2020-11-19 09:48:30','2020-11-19 09:48:30'),(1329240094816727042,'游客47403',NULL,NULL,0,1321703592666603521,'2020-11-19 09:48:30','2020-11-19 09:48:30'),(1329378475865346049,'游客26481',NULL,NULL,0,1321703592666603521,'2020-11-19 18:58:23','2020-11-19 18:58:23'),(1329397726013624321,'游客42080',NULL,NULL,0,1321703592666603521,'2020-11-19 20:14:52','2020-11-19 20:14:52'),(1329398232400334850,'鲁班','13244444444','e10adc3949ba59abbe56e057f20f883e',4,1321703619577257986,'2020-11-19 20:16:52','2020-11-26 20:44:33'),(1329625121442263042,'游客45990',NULL,NULL,0,1321703592666603521,'2020-11-27 11:18:27','2020-11-20 11:18:27'),(1329628520887906305,'游客32802',NULL,NULL,0,1321703592666603521,'2020-11-20 11:31:57','2020-11-20 11:31:57'),(1329629715530543105,'游客20578',NULL,NULL,0,1321703592666603521,'2020-11-20 11:36:42','2020-11-20 11:36:42'),(1329633284094717953,'游客31974',NULL,NULL,0,1321703592666603521,'2020-11-20 11:50:53','2020-11-20 11:50:53'),(1329664833800400897,'游客96838',NULL,NULL,0,1321703592666603521,'2020-11-20 13:56:15','2020-11-20 13:56:15'),(1329697586256297986,'游客91762',NULL,NULL,0,1321703592666603521,'2020-11-20 16:06:25','2020-11-20 16:06:25'),(1329727718635380738,'游客51307',NULL,NULL,0,1321703592666603521,'2020-11-14 18:06:08','2020-11-20 18:06:08'),(1330675857794015234,'游客14196',NULL,NULL,0,1321703592666603521,'2020-11-15 08:53:44','2020-11-23 08:53:44'),(1330687310177509377,'游客87196',NULL,NULL,0,1321703592666603521,'2020-11-23 09:39:12','2020-11-23 09:39:12'),(1330689706215612418,'游客76888',NULL,NULL,0,1321703592666603521,'2020-11-23 09:48:44','2020-11-23 09:48:44'),(1331864246543241217,'孙悟空','13255555555','e10adc3949ba59abbe56e057f20f883e',10,1321703592666603521,'2020-11-26 15:35:56','2020-11-26 15:39:33'),(1331865635205992450,'游客93678',NULL,NULL,0,1321703592666603521,'2020-11-26 15:41:27','2020-11-26 15:41:27');

/*!40101 SET SQL_MODE=@OLD_SQL_MODE */;
/*!40014 SET FOREIGN_KEY_CHECKS=@OLD_FOREIGN_KEY_CHECKS */;
/*!40014 SET UNIQUE_CHECKS=@OLD_UNIQUE_CHECKS */;
/*!40111 SET SQL_NOTES=@OLD_SQL_NOTES */;
